method	auc
netmhcpan_4_L	0.9765709878413108
netmhcpan_4_B	0.9754847874340435
mhcflurry_L	0.9727125039591942
mhcflurry_B	0.9722426508095904
netmhcpan_3	0.9715984126181909
netmhc_4	0.969379600159843
consensus	0.9599529903569883
smmpmbec	0.9383093981930694
smm	0.9349628706849492
arb	0.9283004140791299
rankpep	0.9265997106374483
bimas	0.9089603823176817
mhclovac	0.8783479244091343
syfpeithi	0.8128349933435313
predep	0.7699574306187519
propredI	0.6865152044042876
pacomplex	0.6424619689774967
