method	partial_auc
netmhcpan_4_L	0.9192617055826231
mhcflurry_B	0.911335865841468
mhcflurry_L	0.9101708700545412
netmhcpan_4_B	0.9083410343625378
netmhc_4	0.8842886454155898
consensus	0.8595590503986443
netmhcpan_3	0.8548518936902498
smm	0.8485201871792187
smmpmbec	0.8343627119262215
arb	0.8136879506787371
rankpep	0.8041765862730553
syfpeithi	0.790438052800776
bimas	0.7676475692589024
propredI	0.6614352129152531
pacomplex	0.6203598966865692
mhclovac	0.613698209522323
predep	0.579237948848069
*partial auc at fpr = 0.02	
