method	auc
netmhcpan_4_L	0.9786159406156363
netmhcpan_4_B	0.9778382250897006
mhcflurry_L	0.9765328709259102
mhcflurry_B	0.9760857930756804
netmhcpan_3	0.9750567650633479
netmhc_4	0.9738666876173393
consensus	0.9614478077200699
smmpmbec	0.9394991761097512
arb	0.9391146556908445
smm	0.9380045767130015
bimas	0.9177902606451022
rankpep	0.8938842856260866
mhclovac	0.8630606276767689
syfpeithi	0.777626253102754
predep	0.7373992208037563
pacomplex	0.6520516034268361
propredI	0.6513968488785674
