method	auc
netmhcpan_4_L	0.9737510085337809
netmhcpan_4_B	0.9730464280896237
mhcflurry_B	0.9726480445807394
mhcflurry_L	0.9722815690252534
netmhcpan_3	0.9699338420657088
netmhc_4	0.968758929160761
consensus	0.96125454401101
smmpmbec	0.9585725841798213
smm	0.9553108078923722
arb	0.9462296433228189
rankpep	0.9389731848707918
bimas	0.9360773413327035
mhclovac	0.8699754970077631
syfpeithi	0.8269478254028635
predep	0.7772068000145906
propredI	0.6949961706837215
pacomplex	0.6477167077462344
